{
  "hash": "c39cf7da",
  "configHash": "6fef7d04",
  "lockfileHash": "404a40a3",
  "browserHash": "c95cc31f",
  "optimized": {
    "@angular/common": {
      "src": "../../../../../../node_modules/@angular/common/fesm2022/common.mjs",
      "file": "@angular_common.js",
      "fileHash": "0a0f4bb9",
      "needsInterop": false
    },
    "@angular/common/http": {
      "src": "../../../../../../node_modules/@angular/common/fesm2022/http.mjs",
      "file": "@angular_common_http.js",
      "fileHash": "a567ba34",
      "needsInterop": false
    },
    "@angular/core": {
      "src": "../../../../../../node_modules/@angular/core/fesm2022/core.mjs",
      "file": "@angular_core.js",
      "fileHash": "b58e255c",
      "needsInterop": false
    },
    "@angular/forms": {
      "src": "../../../../../../node_modules/@angular/forms/fesm2022/forms.mjs",
      "file": "@angular_forms.js",
      "fileHash": "8abfd620",
      "needsInterop": false
    },
    "@angular/platform-browser": {
      "src": "../../../../../../node_modules/@angular/platform-browser/fesm2022/platform-browser.mjs",
      "file": "@angular_platform-browser.js",
      "fileHash": "265ec928",
      "needsInterop": false
    },
    "@angular/router": {
      "src": "../../../../../../node_modules/@angular/router/fesm2022/router.mjs",
      "file": "@angular_router.js",
      "fileHash": "de34aa4b",
      "needsInterop": false
    }
  },
  "chunks": {
    "chunk-LJPTBGYC": {
      "file": "chunk-LJPTBGYC.js"
    },
    "chunk-4PZT4FJX": {
      "file": "chunk-4PZT4FJX.js"
    },
    "chunk-WZN72O4X": {
      "file": "chunk-WZN72O4X.js"
    },
    "chunk-DP7Y4572": {
      "file": "chunk-DP7Y4572.js"
    },
    "chunk-NJ4CSD6C": {
      "file": "chunk-NJ4CSD6C.js"
    }
  }
}