{
  "hash": "c39cf7da",
  "configHash": "6fef7d04",
  "lockfileHash": "404a40a3",
  "browserHash": "c95cc31f",
  "optimized": {
    "@angular/common": {
      "src": "../../../../../../node_modules/@angular/common/fesm2022/common.mjs",
      "file": "@angular_common.js",
      "fileHash": "838d4af9",
      "needsInterop": false
    },
    "@angular/common/http": {
      "src": "../../../../../../node_modules/@angular/common/fesm2022/http.mjs",
      "file": "@angular_common_http.js",
      "fileHash": "75cef999",
      "needsInterop": false
    },
    "@angular/core": {
      "src": "../../../../../../node_modules/@angular/core/fesm2022/core.mjs",
      "file": "@angular_core.js",
      "fileHash": "2abb05df",
      "needsInterop": false
    },
    "@angular/forms": {
      "src": "../../../../../../node_modules/@angular/forms/fesm2022/forms.mjs",
      "file": "@angular_forms.js",
      "fileHash": "ddec4665",
      "needsInterop": false
    },
    "@angular/platform-browser": {
      "src": "../../../../../../node_modules/@angular/platform-browser/fesm2022/platform-browser.mjs",
      "file": "@angular_platform-browser.js",
      "fileHash": "5d1db099",
      "needsInterop": false
    },
    "@angular/router": {
      "src": "../../../../../../node_modules/@angular/router/fesm2022/router.mjs",
      "file": "@angular_router.js",
      "fileHash": "46a9c5b1",
      "needsInterop": false
    }
  },
  "chunks": {
    "chunk-BXX3AIYT": {
      "file": "chunk-BXX3AIYT.js"
    },
    "chunk-FE7KMD64": {
      "file": "chunk-FE7KMD64.js"
    },
    "chunk-ZCU5MUHG": {
      "file": "chunk-ZCU5MUHG.js"
    },
    "chunk-J2JPVRMB": {
      "file": "chunk-J2JPVRMB.js"
    },
    "chunk-NJ4CSD6C": {
      "file": "chunk-NJ4CSD6C.js"
    }
  }
}