{
  "hash": "18413f50",
  "configHash": "e62a01de",
  "lockfileHash": "404a40a3",
  "browserHash": "d38da37b",
  "optimized": {
    "@angular/core": {
      "src": "../../../../../../node_modules/@angular/core/fesm2022/core.mjs",
      "file": "@angular_core.js",
      "fileHash": "f76d9e39",
      "needsInterop": false
    },
    "@angular/platform-browser": {
      "src": "../../../../../../node_modules/@angular/platform-browser/fesm2022/platform-browser.mjs",
      "file": "@angular_platform-browser.js",
      "fileHash": "a5d8e073",
      "needsInterop": false
    },
    "@angular/router": {
      "src": "../../../../../../node_modules/@angular/router/fesm2022/router.mjs",
      "file": "@angular_router.js",
      "fileHash": "6b43369d",
      "needsInterop": false
    },
    "@angular/common": {
      "src": "../../../../../../node_modules/@angular/common/fesm2022/common.mjs",
      "file": "@angular_common.js",
      "fileHash": "3ff39fd1",
      "needsInterop": false
    }
  },
  "chunks": {
    "chunk-NGPT6DHR": {
      "file": "chunk-NGPT6DHR.js"
    },
    "chunk-NHVGEO6Z": {
      "file": "chunk-NHVGEO6Z.js"
    },
    "chunk-QOKRTG7E": {
      "file": "chunk-QOKRTG7E.js"
    }
  }
}